,plot_id,yield,blue-blue-444,blue-green,blue-green-531,blue-nir,blue-red,blue-red-650,blue-red-edge,blue-red-edge-705,blue-red-edge-740,blue-444-green,blue-444-green-531,blue-444-nir,blue-444-red,blue-444-red-650,blue-444-red-edge,blue-444-red-edge-705,blue-444-red-edge-740,green-green-531,green-nir,green-red,green-red-650,green-red-edge,green-red-edge-705,green-red-edge-740,green-531-nir,green-531-red,green-531-red-650,green-531-red-edge,green-531-red-edge-705,green-531-red-edge-740,nir-red,nir-red-650,nir-red-edge,nir-red-edge-705,nir-red-edge-740,red-red-650,red-red-edge,red-red-edge-705,red-red-edge-740,red-650-red-edge,red-650-red-edge-705,red-650-red-edge-740,red-edge-red-edge-705,red-edge-red-edge-740,red-edge-705-red-edge-740
0,12,641.2188273,0.006364462,-0.4803449,-0.4953285,-0.92954236,-0.26578256,-0.34680665,-0.82841396,-0.7190881,-0.9168687,-0.48559836,-0.5005577,-0.93102044,-0.27116755,-0.35194126,-0.83108157,-0.7225712,-0.91853833,-0.019061897,-0.8219451,0.24450783,0.16167863,-0.58623546,-0.36560404,-0.79142785,-0.8153317,0.26214877,0.17994559,-0.57327443,-0.3489993,-0.7838046,0.8729281,0.85585064,0.4652478,0.6542831,0.09150101,-0.08839521,-0.7130523,-0.5546508,-0.8517139,-0.672835,-0.49426058,-0.8317123,0.2814096,-0.39184186,-0.6010413
1,11,697.97988,0.013630607,-0.4921293,-0.5030702,-0.93536323,-0.2680715,-0.35555175,-0.84010756,-0.7312897,-0.9237234,-0.5024078,-0.51325864,-0.93731284,-0.2802392,-0.3669931,-0.84434557,-0.7376442,-0.92597663,-0.014334765,-0.8236722,0.25695586,0.16515489,-0.5956285,-0.37468475,-0.79396564,-0.8192178,0.27025178,0.17896713,-0.5863216,-0.36230442,-0.7888117,0.8874374,0.86623657,0.45423463,0.6509209,0.0891808,-0.09678044,-0.7352897,-0.5746808,-0.86795187,-0.6891169,-0.5073212,-0.84337527,0.2847038,-0.3817432,-0.5982055
2,9,709.8914786,0.013284031,-0.47402933,-0.4875145,-0.93682146,-0.25748622,-0.33821213,-0.83587116,-0.7194567,-0.92499405,-0.48423958,-0.49752095,-0.93862575,-0.26961452,-0.3495963,-0.84001863,-0.72598135,-0.9271038,-0.01724686,-0.83486336,0.24570327,0.16176344,-0.6016862,-0.37352636,-0.8058495,-0.8297156,0.26189557,0.17851116,-0.59052813,-0.3585603,-0.7998003,0.8923145,0.87424904,0.47524258,0.6721554,0.092512175,-0.08817502,-0.7340661,-0.5656393,-0.8729136,-0.69227177,-0.50366735,-0.8517684,0.2946271,-0.40165353,-0.61988187
3,8,674.1916718,0.0029908768,-0.47139055,-0.48991278,-0.93184674,-0.2593985,-0.33598736,-0.8287262,-0.7148504,-0.91946983,-0.47400728,-0.49253002,-0.9329369,-0.26168334,-0.33816558,-0.8303731,-0.71674305,-0.9206881,-0.02362065,-0.83006626,0.23991702,0.16179504,-0.5933093,-0.36787477,-0.80078465,-0.8225259,0.2618336,0.18446891,-0.57771605,-0.34736818,-0.7919621,0.8787984,0.86313826,0.4767467,0.6675708,0.09129987,-0.08305568,-0.7175705,-0.5538495,-0.8582396,-0.679592,-0.49672967,-0.83990735,0.2889717,-0.40431753,-0.6158112
4,7,680.4306641,0.008661316,-0.4786692,-0.49141893,-0.93684053,-0.2569981,-0.3426027,-0.83600384,-0.7204631,-0.92507243,-0.48526052,-0.49800658,-0.938023,-0.2648211,-0.34978223,-0.8385803,-0.7245225,-0.92644674,-0.016602967,-0.8322149,0.25178525,0.16245446,-0.59733653,-0.37003347,-0.8028813,-0.82693106,0.2672836,0.17847063,-0.5862866,-0.35545015,-0.7967688,0.89276433,0.87289184,0.47274327,0.6688579,0.09189418,-0.09383045,-0.7347453,-0.5675647,-0.87352204,-0.68986076,-0.5015194,-0.8503808,0.2922054,-0.3994666,-0.6166464
5,6,965.1194023,-0.001022905,-0.4943427,-0.514101,-0.9439242,-0.23507927,-0.32528782,-0.8394602,-0.7191873,-0.93197197,-0.49337298,-0.51329947,-0.9440079,-0.23382293,-0.32413533,-0.83943254,-0.71886986,-0.9320848,-0.026146857,-0.84616035,0.29227197,0.20132463,-0.5929182,-0.3491109,-0.81538486,-0.8383885,0.31599736,0.2262645,-0.5755979,-0.326093,-0.80625486,0.9083729,0.89106166,0.51295763,0.7062226,0.10196168,-0.09750208,-0.7498493,-0.5805607,-0.8894017,-0.7054582,-0.513351,-0.86866957,0.30759805,-0.4348444,-0.65248734
6,4,908.7694714,0.007051522,-0.48630685,-0.5009893,-0.94499135,-0.2372228,-0.32608533,-0.8396165,-0.7172107,-0.93331724,-0.4915666,-0.5060767,-0.9458698,-0.24375647,-0.33232248,-0.84186035,-0.7206795,-0.93437046,-0.019252928,-0.85006773,0.28122354,0.19024765,-0.59879297,-0.35563797,-0.8200141,-0.8445893,0.29884744,0.20864378,-0.5861374,-0.33860436,-0.8135397,0.9114312,0.8939093,0.51553917,0.70958644,0.10231568,-0.09655318,-0.75137174,-0.5782126,-0.8931111,-0.7067016,-0.51068187,-0.87218297,0.30915803,-0.4374571,-0.65625924
7,3,796.7081605,0.0017042793,-0.48722336,-0.5068474,-0.9412571,-0.23378707,-0.32843313,-0.83751094,-0.71965677,-0.929861,-0.48857102,-0.50809443,-0.941678,-0.23506942,-0.32963747,-0.83828026,-0.7205548,-0.93036246,-0.025722228,-0.8421817,0.28492916,0.18916298,-0.5946837,-0.35837474,-0.8131682,-0.8344748,0.30842882,0.21371838,-0.5776999,-0.33574978,-0.804181,0.9037408,0.8848417,0.5016291,0.6940293,0.09532137,-0.102412716,-0.7472291,-0.5820698,-0.8858245,-0.7002983,-0.5114789,-0.8635285,0.3006075,-0.4279639,-0.6428086
8,2,911.7741595,0.0051144566,-0.48492703,-0.5003561,-0.94335014,-0.22762462,-0.3209833,-0.83839506,-0.7177041,-0.9319401,-0.48891646,-0.5042759,-0.94403666,-0.23219644,-0.32509822,-0.8399396,-0.72014016,-0.9327433,-0.020160973,-0.8459989,0.28909817,0.19431692,-0.596937,-0.35781163,-0.8168383,-0.8401576,0.30746436,0.21355383,-0.5835116,-0.3400632,-0.809852,0.9101914,0.89155364,0.5073383,0.7009721,0.09788477,-0.1009175,-0.7536473,-0.5855336,-0.8926166,-0.7072484,-0.51564527,-0.8705804,0.3043606,-0.4322186,-0.64914006
9,1,670.6840155,0.002905592,-0.483557,-0.49066594,-0.93325925,-0.25183418,-0.34285793,-0.8293073,-0.7162175,-0.9221823,-0.48582992,-0.4929571,-0.9339848,-0.25411826,-0.34500656,-0.8306,-0.71781766,-0.9230083,-0.00897328,-0.82503843,0.26216784,0.16878887,-0.58157957,-0.35634077,-0.7974069,-0.8217497,0.27044126,0.17743334,-0.57540756,-0.34845942,-0.79362637,0.88486576,0.86455685,0.47512606,0.66466385,0.0845185,-0.09925263,-0.7240731,-0.5628456,-0.8669239,-0.67684436,-0.4934802,-0.8434444,0.2844524,-0.40826565,-0.61681646
10,25,853.4823341,0.0122724995,-0.5000323,-0.51157707,-0.9413873,-0.22675452,-0.32102084,-0.840146,-0.72451687,-0.9290671,-0.5093947,-0.52078056,-0.9431006,-0.23785886,-0.3315536,-0.8441235,-0.73049814,-0.93112457,-0.015249681,-0.84013253,0.30628237,0.21341808,-0.59194165,-0.3526708,-0.80836767,-0.8351757,0.31997308,0.22776331,-0.5816367,-0.33922338,-0.80261487,0.90327406,0.8862821,0.50061184,0.69365627,0.102537975,-0.10122149,-0.7517805,-0.59146726,-0.88376415,-0.70830065,-0.5241434,-0.8634026,0.30277997,-0.42109802,-0.6383736
11,24,753.7656118,0.022559844,-0.49959463,-0.5098299,-0.9382463,-0.24705231,-0.3457358,-0.8409426,-0.7309472,-0.92614675,-0.51611376,-0.5262193,-0.94100946,-0.2675022,-0.36493123,-0.84749514,-0.7410253,-0.92940277,-0.013430331,-0.8293816,0.28613672,0.1852915,-0.59190553,-0.3653767,-0.7979786,-0.82494336,0.29841447,0.19818722,-0.58293897,-0.35366678,-0.7928458,0.8955167,0.8739022,0.47310534,0.66619444,0.09630727,-0.10785846,-0.74531764,-0.5881392,-0.87581044,-0.6956543,-0.51440096,-0.85038555,0.28906766,-0.39621067,-0.6110721
12,23,807.4979214,0.009329787,-0.5099966,-0.51958966,-0.94642943,-0.21279347,-0.3163479,-0.8458256,-0.7248998,-0.93469983,-0.51676005,-0.52634364,-0.9474751,-0.2214596,-0.32426882,-0.84864223,-0.72946596,-0.9359682,-0.012782706,-0.8466917,0.33175537,0.23101608,-0.59365535,-0.34161738,-0.8150852,-0.8428351,0.34317547,0.24310866,-0.5851821,-0.33033124,-0.81053406,0.9160605,0.8980218,0.5130607,0.7111311,0.10470427,-0.11060863,-0.7685525,-0.60309803,-0.898054,-0.7215204,-0.5294832,-0.87637365,0.3163631,-0.43270248,-0.65663874
13,22,554.56397,0.033583958,-0.49733526,-0.5049455,-0.93707126,-0.25569427,-0.354845,-0.8389379,-0.7283018,-0.92422664,-0.5220805,-0.5294036,-0.9411259,-0.28624618,-0.38329703,-0.8486956,-0.7436474,-0.92910236,-0.009952143,-0.827721,0.27503935,0.17278777,-0.5900264,-0.36320004,-0.79496634,-0.8242869,0.2842769,0.18229131,-0.5831898,-0.35432592,-0.79096186,0.8918496,0.86982363,0.47070438,0.66501284,0.09858459,-0.1087994,-0.7380433,-0.577978,-0.87057436,-0.687258,-0.5028134,-0.84451324,0.28894684,-0.3913544,-0.60777754
14,21,589.6711491,0.0053147324,-0.4998843,-0.5108854,-0.93374366,-0.25865698,-0.36313978,-0.8384561,-0.73108137,-0.92019993,-0.5041452,-0.51500136,-0.9348328,-0.263,-0.3672082,-0.84045345,-0.73373127,-0.9215303,-0.013842107,-0.82065964,0.27534777,0.16798356,-0.5887351,-0.36476833,-0.78679,-0.81596917,0.28811887,0.18125018,-0.57948047,-0.352814,-0.7811665,0.88246083,0.8592756,0.459155,0.6532909,0.098277524,-0.11489988,-0.73298484,-0.5773437,-0.8598132,-0.6805103,-0.4993449,-0.83246356,0.28584322,-0.37915868,-0.5949656
15,20,588.7548723,0.017251926,-0.4836646,-0.4901826,-0.93869513,-0.22789425,-0.32670715,-0.8378328,-0.72157073,-0.9253443,-0.49622828,-0.5027871,-0.9406151,-0.24342978,-0.34136194,-0.8428742,-0.7293238,-0.9276997,-0.008355825,-0.8361506,0.285714,0.18584874,-0.5980112,-0.36646548,-0.80259824,-0.8333155,0.29338446,0.19379911,-0.59230137,-0.35900885,-0.79929745,0.90021014,0.87951463,0.4829866,0.67788243,0.106684886,-0.10670262,-0.7495576,-0.5883712,-0.87932086,-0.7013091,-0.51586765,-0.85457766,0.29697186,-0.3986234,-0.61847776
16,17,832.1739777,0.010441171,-0.47907725,-0.49307236,-0.9456097,-0.20370473,-0.29840848,-0.83870256,-0.71395814,-0.93284565,-0.48687574,-0.50070155,-0.9466666,-0.21343462,-0.30773973,-0.8417954,-0.7187988,-0.93420684,-0.01795475,-0.85447425,0.30439132,0.21075815,-0.6031347,-0.35803992,-0.82212526,-0.8494634,0.3208053,0.22776754,-0.59140277,-0.34219018,-0.8161927,0.91724765,0.90039,0.52321184,0.71593463,0.11254752,-0.100930564,-0.7641151,-0.59625113,-0.8983411,-0.7199105,-0.5280123,-0.87780195,0.3127872,-0.43804008,-0.65829194
17,15,802.5097891,0.007222567,-0.48075223,-0.4951472,-0.9454778,-0.21647674,-0.31432897,-0.8382286,-0.7127614,-0.93244594,-0.48607,-0.50032365,-0.94625163,-0.22310086,-0.32062906,-0.8403971,-0.7161478,-0.9333521,-0.018477049,-0.8537708,0.2942039,0.19554836,-0.6012409,-0.3544098,-0.8206173,-0.8485989,0.31094828,0.21312903,-0.5890996,-0.33799702,-0.81441265,0.9148039,0.8966164,0.5237822,0.7164526,0.11483332,-0.10546451,-0.7578035,-0.58583224,-0.8949053,-0.71027654,-0.51318216,-0.8726643,0.3137931,-0.43682766,-0.65775335
18,13,617.3453332,0.013726543,-0.47193724,-0.48911926,-0.9329492,-0.24113907,-0.33107662,-0.82304776,-0.70216566,-0.91911745,-0.4824616,-0.4993894,-0.9349238,-0.25372407,-0.34266838,-0.82777876,-0.70897,-0.92152315,-0.021932812,-0.83082753,0.2587426,0.16690415,-0.5792944,-0.34502617,-0.79720896,-0.82359344,0.2789563,0.18805623,-0.56434286,-0.32561448,-0.7888186,0.88655317,0.86719805,0.49361494,0.6816561,0.103936434,-0.09742262,-0.7208214,-0.55152524,-0.8647212,-0.6737557,-0.48206952,-0.84154147,0.2929736,-0.4125395,-0.62459344
19,38,882.1646414,0.009090768,-0.48983908,-0.505432,-0.94264555,-0.215407,-0.30842763,-0.8409119,-0.7264823,-0.9300565,-0.49689487,-0.51223123,-0.94389576,-0.22359186,-0.31629562,-0.8438129,-0.73078686,-0.93157774,-0.020417234,-0.84668845,0.30512428,0.21394853,-0.6020672,-0.3681401,-0.81493163,-0.8404532,0.32335564,0.23306875,-0.58859,-0.3503223,-0.80762285,0.9072998,0.89112717,0.50551385,0.69578934,0.105924584,-0.09945415,-0.7580305,-0.60215217,-0.8877305,-0.71615756,-0.5373119,-0.8682125,0.30061927,-0.42364943,-0.63870686
20,37,762.6506541,0.014881965,-0.486137,-0.50288683,-0.944963,-0.2072518,-0.30347052,-0.84339565,-0.7262054,-0.9333025,-0.49701354,-0.51374495,-0.94655627,-0.2210354,-0.3164773,-0.84755987,-0.7328097,-0.93520206,-0.02201737,-0.8503455,0.30935243,0.21410748,-0.6076157,-0.37240306,-0.820338,-0.8440914,0.32916474,0.23500465,-0.5934143,-0.35325179,-0.81294453,0.91580456,0.89811933,0.5078984,0.7005229,0.10354945,-0.102772616,-0.769346,-0.6104415,-0.8983945,-0.7248205,-0.54235566,-0.87725925,0.30416057,-0.42849308,-0.64582074
21,35,761.6709595,0.022234378,-0.4853228,-0.49738604,-0.9431612,-0.21122852,-0.30969584,-0.84246415,-0.7249517,-0.9310329,-0.50193363,-0.5136636,-0.9455487,-0.23199171,-0.32922208,-0.8487408,-0.7351555,-0.93395245,-0.015838342,-0.84654504,0.30454344,0.20657367,-0.6067153,-0.37112856,-0.8156948,-0.84163004,0.31891385,0.22145441,-0.5961576,-0.35699505,-0.80990934,0.9119525,0.8935635,0.49873918,0.69442636,0.103451885,-0.1054316,-0.7658367,-0.6055999,-0.8936909,-0.71996194,-0.5356074,-0.8716442,0.30443874,-0.41821742,-0.63854426
22,33,933.9135068,0.017029092,-0.47725302,-0.4900791,-0.94764036,-0.18147758,-0.2781384,-0.8428043,-0.7178946,-0.93523175,-0.48957798,-0.5023591,-0.94909376,-0.1972993,-0.2932793,-0.84747136,-0.7255082,-0.93706405,-0.016608132,-0.8599975,0.3235891,0.22987266,-0.61355674,-0.36781946,-0.8285253,-0.8552909,0.3384826,0.24548371,-0.6026829,-0.35307023,-0.82288533,0.92474735,0.90881,0.5261622,0.7210812,0.11414891,-0.10183859,-0.7800186,-0.6166928,-0.9072254,-0.7378505,-0.55050945,-0.8878005,0.31794566,-0.44013882,-0.66357434
23,31,916.9372373,0.008852004,-0.48746288,-0.50397724,-0.9448804,-0.19009903,-0.2835327,-0.84020203,-0.7208437,-0.93228644,-0.4939637,-0.51033455,-0.9457895,-0.19806845,-0.29144529,-0.84255457,-0.7248177,-0.9334083,-0.021572748,-0.85043424,0.32659736,0.23636815,-0.6001341,-0.36104444,-0.8181784,-0.84405327,0.34569588,0.2565577,-0.58584094,-0.3420851,-0.8106046,0.91742855,0.90151656,0.5166878,0.7068692,0.110311404,-0.09892855,-0.77077323,-0.6134001,-0.8990094,-0.72898316,-0.54926836,-0.8796861,0.30528915,-0.43275625,-0.6491485
24,30,967.9994418,0.0135877365,-0.47493926,-0.49136797,-0.9461419,-0.18359044,-0.27484134,-0.83956647,-0.71540594,-0.93384093,-0.4851433,-0.50142926,-0.94751924,-0.19646965,-0.28718174,-0.84351903,-0.721684,-0.93560183,-0.021118153,-0.8571613,0.31875357,0.23036563,-0.6083553,-0.36555055,-0.82620513,-0.85126615,0.3379474,0.25021437,-0.59464043,-0.34696978,-0.81927544,0.92205864,0.90667635,0.5240388,0.71691495,0.10952815,-0.09620475,-0.7747701,-0.61205715,-0.9046675,-0.734128,-0.54890525,-0.88598824,0.31254783,-0.4411706,-0.6608225
25,29,817.91811,0.013643899,-0.4840454,-0.49959064,-0.9439146,-0.19966467,-0.29439023,-0.8397422,-0.7210979,-0.93105423,-0.49422193,-0.509772,-0.94552016,-0.21227498,-0.30620924,-0.84393775,-0.7273678,-0.9330326,-0.020165375,-0.8507058,0.31312218,0.22105774,-0.6031029,-0.36516318,-0.81836605,-0.84479755,0.33128408,0.24005826,-0.5899983,-0.34738648,-0.8113513,0.9133458,0.8970041,0.5145149,0.7053905,0.11005047,-0.10048216,-0.7647042,-0.6062193,-0.89404684,-0.72209424,-0.540502,-0.8742329,0.30556938,-0.43022144,-0.64730465
26,28,1124.153568,0.008087371,-0.46830368,-0.4860045,-0.94587374,-0.18489741,-0.2729926,-0.8366699,-0.7098045,-0.9332346,-0.47440347,-0.49175572,-0.9466727,-0.19254361,-0.28049502,-0.8391472,-0.71373594,-0.9341465,-0.022627352,-0.8590015,0.3102134,0.22386044,-0.608015,-0.36337206,-0.82750195,-0.852751,0.3304545,0.24508075,-0.5932486,-0.3433449,-0.8200875,0.9214897,0.9065636,0.52975756,0.721429,0.112732045,-0.09322354,-0.77053434,-0.6043661,-0.9034192,-0.7304301,-0.542467,-0.8851571,0.31416288,-0.4449397,-0.66431755
27,26,818.5391664,0.013871876,-0.45735282,-0.47182143,-0.9332203,-0.2276036,-0.3113373,-0.82195264,-0.69942296,-0.91970646,-0.4680862,-0.48239905,-0.9350959,-0.24061696,-0.32334477,-0.8266725,-0.70624685,-0.9220131,-0.018702902,-0.8384261,0.25531152,0.17085326,-0.5910131,-0.35750532,-0.8070611,-0.8327403,0.27231893,0.18878184,-0.57850707,-0.34122658,-0.80041254,0.8905575,0.8737686,0.49908528,0.68852514,0.10076703,-0.0897036,-0.72647643,-0.5577167,-0.8697437,-0.6846012,-0.49508712,-0.8496649,0.2966128,-0.4209067,-0.63366574
28,51,883.0896655,0.0063233483,-0.49279967,-0.50306106,-0.94062394,-0.22997986,-0.3314771,-0.8390224,-0.7233831,-0.9278696,-0.49790326,-0.5079716,-0.9416868,-0.23552857,-0.33682504,-0.841326,-0.72665757,-0.9291347,-0.0132309655,-0.8395819,0.2949884,0.19310741,-0.5945272,-0.3590716,-0.8068963,-0.83536756,0.3070368,0.20570539,-0.5856756,-0.34745395,-0.8019889,0.9023476,0.8827954,0.49551448,0.6889164,0.10468269,-0.109677136,-0.7498166,-0.58861214,-0.8823331,-0.7010662,-0.51448065,-0.8587848,0.299737,-0.4134551,-0.631498
29,50,783.0055577,0.010116302,-0.48015445,-0.49183065,-0.9408512,-0.22161105,-0.31687355,-0.8381218,-0.7181236,-0.9286907,-0.48774838,-0.49933633,-0.94207376,-0.23091851,-0.3256114,-0.8411465,-0.7229953,-0.9301424,-0.015064547,-0.84271467,0.28841937,0.19255047,-0.60154563,-0.364368,-0.81214577,-0.8382227,0.3022342,0.20697299,-0.59169006,-0.35115662,-0.8068834,0.9063749,0.8875515,0.49498746,0.6914982,0.100856796,-0.10241302,-0.7548718,-0.5892939,-0.8878122,-0.70877326,-0.5193307,-0.86539054,0.30404845,-0.41633102,-0.63697666
30,49,931.7726118,0.0115045225,-0.49829778,-0.51109076,-0.9409725,-0.22509536,-0.32448465,-0.84054774,-0.7232933,-0.929345,-0.5070523,-0.5196957,-0.94253784,-0.23575065,-0.33442178,-0.8443189,-0.72914463,-0.9311952,-0.016894426,-0.83831465,0.30589235,0.20776628,-0.5935135,-0.3526722,-0.8083434,-0.8330656,0.32111487,0.22380413,-0.5823189,-0.3378202,-0.8022097,0.9040572,0.88540107,0.49316797,0.69064236,0.09610482,-0.106649995,-0.75437117,-0.59186804,-0.8858722,-0.70793164,-0.52035934,-0.8638078,0.30494782,-0.41800487,-0.63835734
31,48,719.4544345,0.019841699,-0.47525242,-0.48726103,-0.937369,-0.23116268,-0.32205203,-0.8321288,-0.71133053,-0.9244104,-0.49052346,-0.5023521,-0.93998873,-0.24946675,-0.3393523,-0.83846486,-0.7212107,-0.9275553,-0.015451315,-0.83868194,0.27267045,0.18108226,-0.5951156,-0.35782477,-0.8070722,-0.83366144,0.28686848,0.19581681,-0.58474606,-0.34417942,-0.80118966,0.896905,0.87898,0.4932764,0.68840057,0.101197146,-0.097862765,-0.7393993,-0.57163715,-0.8766458,-0.6950437,-0.5042548,-0.8552328,0.3019944,-0.41391173,-0.63297313
32,47,993.2834336,0.005691529,-0.5084143,-0.52001154,-0.9470765,-0.20754308,-0.31039423,-0.8474781,-0.7270413,-0.93571603,-0.51275295,-0.52429193,-0.9478106,-0.21280475,-0.31525838,-0.8492907,-0.72993326,-0.9366089,-0.015421729,-0.8483872,0.33533964,0.23518114,-0.5979769,-0.3473703,-0.8177632,-0.8437612,0.34897444,0.24961863,-0.58772594,-0.33372843,-0.81227195,0.91850793,0.9006088,0.5123349,0.7111913,0.10258569,-0.10979568,-0.77398795,-0.6102227,-0.9014431,-0.72759503,-0.53763926,-0.8799642,0.31658623,-0.43338755,-0.65763545
33,46,1004.88013,0.011931679,-0.48558882,-0.49778876,-0.9472772,-0.19642314,-0.29466212,-0.842359,-0.7159733,-0.93495756,-0.49446094,-0.5065474,-0.9484578,-0.20751889,-0.30522063,-0.8458647,-0.72164583,-0.9364251,-0.015957216,-0.85645,0.31919354,0.22290513,-0.6056974,-0.35438567,-0.82472396,-0.85203433,0.33350947,0.2380168,-0.5953076,-0.3402357,-0.8194073,0.9214307,0.9046465,0.52557564,0.7221525,0.11181508,-0.1042919,-0.7728713,-0.6040521,-0.90349656,-0.72829694,-0.5343609,-0.88307244,0.32051477,-0.4409971,-0.66567427
34,44,1090.146358,0.006584918,-0.51487017,-0.524926,-0.9505989,-0.18749058,-0.2955463,-0.851903,-0.7291137,-0.9397713,-0.5196872,-0.5295683,-0.9512344,-0.19365941,-0.30151972,-0.8536612,-0.7321227,-0.9405396,-0.013539478,-0.8544761,0.3621497,0.2587121,-0.6017333,-0.34384957,-0.8243477,-0.85068697,0.37393883,0.27128014,-0.59286517,-0.3318434,-0.8198433,0.9280604,0.910761,0.5237733,0.7241251,0.10491584,-0.11463138,-0.79007536,-0.62717247,-0.91254044,-0.7433394,-0.55289316,-0.8916405,0.32542378,-0.44431686,-0.6713777
35,43,981.6758027,0.012413446,-0.48853007,-0.5013587,-0.94777423,-0.19118446,-0.29008698,-0.84150606,-0.7158096,-0.93544114,-0.49782175,-0.5104874,-0.9490061,-0.20298436,-0.3012827,-0.84510326,-0.7217002,-0.9369979,-0.01667976,-0.8561345,0.3278452,0.23137626,-0.60066026,-0.35036463,-0.82403183,-0.8516072,0.34285977,0.24709618,-0.58986664,-0.335663,-0.8186093,0.92369694,0.90694785,0.5292214,0.7236228,0.111717135,-0.1048749,-0.77467835,-0.60786057,-0.90600735,-0.72951704,-0.5377072,-0.88553435,0.31732914,-0.4448085,-0.6669028
36,41,738.4753791,0.009386638,-0.4686062,-0.48255908,-0.94082385,-0.2186317,-0.30543146,-0.8340355,-0.712276,-0.9280046,-0.47599778,-0.48954487,-0.9420345,-0.22746895,-0.31390646,-0.837058,-0.717108,-0.9294259,-0.017605051,-0.8483188,0.27728173,0.19011714,-0.60317725,-0.36715096,-0.8168767,-0.8432611,0.2932847,0.20685087,-0.59169996,-0.35168537,-0.8109147,0.90521187,0.88899195,0.50944126,0.7002735,0.10707616,-0.093001515,-0.7488917,-0.5829415,-0.88565147,-0.7072597,-0.5196052,-0.8660676,0.3032964,-0.42727926,-0.6436298
37,40,942.1599982,-0.0074307346,-0.5064129,-0.5190938,-0.9478544,-0.19849825,-0.29196608,-0.84814346,-0.7260822,-0.93701655,-0.50084496,-0.5136034,-0.9472792,-0.19121942,-0.28508553,-0.8461915,-0.7227562,-0.9363131,-0.01694501,-0.85094136,0.3414495,0.25151402,-0.60108584,-0.3484571,-0.82165027,-0.8461401,0.3564259,0.2673426,-0.5900648,-0.3335073,-0.81599736,0.92145,0.90586615,0.5159178,0.71510226,0.1006585,-0.099280074,-0.7794321,-0.6155811,-0.9055152,-0.73841786,-0.5510159,-0.88690174,0.31961423,-0.43920618,-0.6636245
38,39,918.9163077,-0.0038532217,-0.48712018,-0.50158465,-0.94509834,-0.19991158,-0.2939549,-0.8403806,-0.71551836,-0.933177,-0.48388702,-0.49830055,-0.9446178,-0.19617894,-0.2899992,-0.83920693,-0.7132414,-0.93264717,-0.0189612,-0.84963363,0.31799567,0.22542758,-0.5997297,-0.3512933,-0.8189451,-0.8440215,0.3348584,0.24353391,-0.5870853,-0.3347022,-0.8122756,0.9181359,0.9011219,0.5125636,0.71071106,0.103447706,-0.09998509,-0.7694107,-0.6013653,-0.90077716,-0.7256688,-0.5341456,-0.880315,0.31467965,-0.43313682,-0.6566647
39,64,932.3433714,0.0077936896,-0.48780054,-0.5002332,-0.9394593,-0.23746876,-0.32840067,-0.8355521,-0.71825325,-0.9260206,-0.49396014,-0.5062071,-0.9407521,-0.2442376,-0.33498728,-0.83832985,-0.7222292,-0.92756397,-0.016050259,-0.84145516,0.2813962,0.19013773,-0.59304523,-0.3552951,-0.8079848,-0.836251,0.29598877,0.20540446,-0.58223563,-0.3411774,-0.80192786,0.897083,0.8804777,0.5045816,0.69469404,0.10858879,-0.09820508,-0.7395108,-0.575129,-0.8755025,-0.69609034,-0.5083641,-0.8552829,0.3017019,-0.42058417,-0.6363123
40,62,752.3726086,0.013819308,-0.48188654,-0.49136376,-0.92105156,-0.27588677,-0.3712822,-0.8237778,-0.72499,-0.90646935,-0.4927343,-0.50201184,-0.9237617,-0.2879456,-0.38258803,-0.8288369,-0.7319128,-0.90960455,-0.011344832,-0.80601984,0.23614325,0.13811336,-0.58032286,-0.37570453,-0.7727381,-0.8011775,0.24670959,0.14898436,-0.57219565,-0.36590266,-0.7672075,0.85265666,0.83156747,0.43703043,0.62033993,0.09207736,-0.10477387,-0.697498,-0.5530832,-0.8278336,-0.6500934,-0.48277515,-0.8032106,0.2629017,-0.36099002,-0.5628834
41,61,556.0160173,0.014653265,-0.48027498,-0.48744446,-0.9316031,-0.25182217,-0.34564176,-0.8333467,-0.72240347,-0.9186249,-0.4914471,-0.49864337,-0.93369544,-0.2651233,-0.35807788,-0.837952,-0.7293777,-0.9211086,-0.0090539465,-0.82271874,0.2586206,0.16207089,-0.5938476,-0.37197945,-0.7911577,-0.81942195,0.26710123,0.1707854,-0.58762646,-0.3641272,-0.78733844,0.88321567,0.86181515,0.4558759,0.65156645,0.09454875,-0.1023896,-0.7311385,-0.5720404,-0.86211467,-0.6833929,-0.50149745,-0.837033,0.28541267,-0.37916675,-0.59585285
42,60,846.7447473,0.008149026,-0.4972433,-0.5074236,-0.9419992,-0.22737522,-0.32633138,-0.84061486,-0.7229233,-0.9293962,-0.5035386,-0.5136629,-0.94315094,-0.23474438,-0.33318317,-0.8433339,-0.7270371,-0.93077683,-0.013155485,-0.84216434,0.30316126,0.20482367,-0.5948876,-0.35329327,-0.8098125,-0.83778244,0.3150863,0.21730593,-0.5858629,-0.341694,-0.8046926,0.9052376,0.886743,0.50195163,0.69667107,0.10518359,-0.10652221,-0.7536523,-0.5901049,-0.8854702,-0.70706236,-0.5184277,-0.8632511,0.30618528,-0.42025378,-0.64015603
43,59,949.9428841,0.0077553,-0.47424808,-0.4869509,-0.9421917,-0.21229756,-0.302073,-0.8343488,-0.70710725,-0.92880225,-0.4801992,-0.49290246,-0.9431378,-0.21941063,-0.30880624,-0.83684975,-0.7108672,-0.9299654,-0.016337771,-0.8498996,0.29049963,0.20127515,-0.59956837,-0.35135236,-0.81691235,-0.8450662,0.30533272,0.21684997,-0.58875793,-0.33685398,-0.8111484,0.9092995,0.8930241,0.5168879,0.7119308,0.11215725,-0.0958188,-0.75303453,-0.5804712,-0.8890692,-0.7105836,-0.5147197,-0.8692616,0.31486356,-0.43132967,-0.65404093
44,56,942.6476586,0.008073807,-0.48924536,-0.49948058,-0.94698113,-0.20641492,-0.29972467,-0.84192145,-0.7149645,-0.93437576,-0.49532387,-0.505393,-0.94777215,-0.21396977,-0.30673042,-0.8442093,-0.71871066,-0.93538547,-0.013208803,-0.85385394,0.31441563,0.22215052,-0.60103947,-0.34794676,-0.8210614,-0.8501619,0.3263463,0.23472823,-0.5924497,-0.33629462,-0.816635,0.91963995,0.9031176,0.52383727,0.7208235,0.11362219,-0.09968344,-0.76843107,-0.5964091,-0.9009849,-0.7247693,-0.52871925,-0.8808153,0.32031834,-0.4377386,-0.6632376
45,55,1012.490258,0.0066632275,-0.49673095,-0.5073148,-0.94313794,-0.2181132,-0.31521657,-0.83975255,-0.71741354,-0.93019366,-0.5019145,-0.5124178,-0.94408685,-0.22404425,-0.3208637,-0.84200615,-0.7207355,-0.93136495,-0.013872933,-0.843735,0.3107171,0.21503896,-0.5922785,-0.34346405,-0.81038296,-0.83947635,0.32315978,0.22817144,-0.5830605,-0.33114374,-0.8053689,0.9089789,0.89122564,0.5087115,0.70539737,0.108895555,-0.10413834,-0.75654495,-0.58895993,-0.8889098,-0.7110543,-0.51845545,-0.8674304,0.3126631,-0.42470843,-0.647901
46,54,1009.465888,0.0065483176,-0.4773789,-0.49082485,-0.9412972,-0.21125966,-0.29954454,-0.8343232,-0.7054316,-0.92839473,-0.48254314,-0.49567816,-0.9421529,-0.21740521,-0.3053961,-0.8364078,-0.70894974,-0.92942095,-0.017081933,-0.8459204,0.29511097,0.20744787,-0.5961085,-0.3451855,-0.81359774,-0.840822,0.310487,0.22363703,-0.5848003,-0.3298929,-0.8076233,0.90806067,0.89161146,0.51111364,0.7081659,0.10873527,-0.09426583,-0.75353444,-0.5795493,-0.88870156,-0.7114422,-0.5145885,-0.86884296,0.31612703,-0.4280396,-0.65217835
47,53,820.0546314,0.0064101797,-0.48930728,-0.50099766,-0.94433933,-0.2108767,-0.30406016,-0.83833814,-0.7116324,-0.93083435,-0.49397776,-0.5056915,-0.9452713,-0.21653597,-0.30936924,-0.84043896,-0.71496034,-0.9319918,-0.015138643,-0.8510518,0.3091314,0.21768743,-0.59605324,-0.3419973,-0.8167113,-0.8466087,0.32282603,0.23202735,-0.5860065,-0.32865718,-0.81137514,0.9115804,0.8956071,0.5249571,0.7191057,0.11673926,-0.099443056,-0.7579828,-0.58663934,-0.89107347,-0.7149724,-0.51931596,-0.8714341,0.31931886,-0.43647593,-0.6597942
48,52,879.8181855,-0.0022491717,-0.47231102,-0.48602393,-0.9441642,-0.20239983,-0.29799798,-0.8325514,-0.69789326,-0.9299976,-0.4701912,-0.48392782,-0.9438008,-0.20014048,-0.29553622,-0.8317998,-0.6965306,-0.9296262,-0.017543074,-0.8523775,0.29831612,0.20300922,-0.59492624,-0.33702546,-0.8169867,-0.84729004,0.3142446,0.21997887,-0.58322024,-0.3215196,-0.8108838,0.9162647,0.89871186,0.52590036,0.72342604,0.119848296,-0.10177443,-0.7573167,-0.5768109,-0.89554,-0.7109552,-0.5054591,-0.8738285,0.32266757,-0.43499485,-0.6627131
49,77,1035.27909,0.008286824,-0.46881965,-0.48943776,-0.93386966,-0.24904011,-0.31794497,-0.827585,-0.71307856,-0.9203395,-0.4752215,-0.49566412,-0.93519586,-0.25631177,-0.32514843,-0.83040094,-0.71718764,-0.9218702,-0.02635987,-0.8367747,0.2483376,0.17812009,-0.5944682,-0.36874858,-0.8052379,-0.82805914,0.27266687,0.20334722,-0.5766207,-0.34562618,-0.79512155,0.88710105,0.874488,0.49127,0.67888844,0.10019882,-0.074653715,-0.7238265,-0.5610159,-0.8652433,-0.6906132,-0.5103622,-0.85001105,0.28997707,-0.4127527,-0.62291986
50,75,979.9875791,0.009189254,-0.46001047,-0.48186463,-0.9311338,-0.25175893,-0.31594104,-0.82317066,-0.70726,-0.9180475,-0.46735406,-0.48888016,-0.9326086,-0.25995126,-0.32389483,-0.826328,-0.71193224,-0.91975904,-0.027438542,-0.83472925,0.23500079,0.17001015,-0.5934847,-0.36810493,-0.8049959,-0.82565063,0.26044622,0.19627953,-0.57503694,-0.34406158,-0.794506,0.8811441,0.8690125,0.48833513,0.6759464,0.09442571,-0.06920332,-0.7148942,-0.55025303,-0.85991156,-0.6839371,-0.5030312,-0.8455706,0.28938657,-0.41440725,-0.6232507
51,74,785.0458591,0.01748143,-0.45953098,-0.4790342,-0.9333322,-0.25477773,-0.32124817,-0.8260276,-0.709462,-0.92036206,-0.47308317,-0.49257404,-0.93570805,-0.27073717,-0.33644232,-0.83163184,-0.71807903,-0.92317146,-0.025344484,-0.83655846,0.23109321,0.16270618,-0.59694606,-0.37293804,-0.80625856,-0.828478,0.25476557,0.186971,-0.57993215,-0.35081175,-0.79685795,0.8863249,0.87218744,0.4869199,0.6757479,0.09737613,-0.07212455,-0.7199404,-0.5529932,-0.8652255,-0.68604547,-0.50266665,-0.8485591,0.28893214,-0.41060802,-0.6214379
52,73,892.2502468,0.009823012,-0.46527573,-0.48369908,-0.93475604,-0.24384364,-0.31522006,-0.82716435,-0.70939016,-0.921367,-0.47318977,-0.49146742,-0.93615377,-0.25278884,-0.32370466,-0.83053666,-0.71447015,-0.92304474,-0.023327142,-0.8383269,0.24965654,0.1773625,-0.5952824,-0.3662281,-0.80700755,-0.83066154,0.27123418,0.19964613,-0.5794151,-0.34574425,-0.79809713,0.89083755,0.8764166,0.49264732,0.6823345,0.100247376,-0.07698753,-0.7268526,-0.5607809,-0.869348,-0.6917208,-0.5078675,-0.85227555,0.29343513,-0.4143633,-0.62689114
53,70,900.1512209,0.008769304,-0.4609963,-0.4795905,-0.93664116,-0.23681508,-0.3066452,-0.8280662,-0.705988,-0.92321527,-0.4676967,-0.486069,-0.9378715,-0.24472596,-0.3138584,-0.83088917,-0.7103474,-0.92469776,-0.023411907,-0.8435296,0.2507076,0.18040943,-0.5999431,-0.36506838,-0.8122518,-0.83607876,0.27227005,0.20273298,-0.58416736,-0.3443742,-0.8035526,0.89455366,0.8813609,0.5011418,0.69268405,0.10338752,-0.07488829,-0.7308988,-0.56076074,-0.8731594,-0.6972089,-0.5092632,-0.8573602,0.30127522,-0.42116588,-0.63694024
54,69,858.42673,0.013186288,-0.45444936,-0.47379637,-0.9346182,-0.24000594,-0.3064883,-0.826262,-0.7018653,-0.92137426,-0.46429995,-0.48353794,-0.9360361,-0.25220814,-0.31760973,-0.83007747,-0.7078379,-0.9231201,-0.024516055,-0.84025484,0.23960865,0.17224504,-0.60049105,-0.36509243,-0.8097456,-0.83251494,0.2623511,0.19592005,-0.58418494,-0.34356877,-0.8007035,0.89113384,0.8783091,0.49142054,0.6869629,0.099327214,-0.07126241,-0.72712195,-0.5525158,-0.8700764,-0.69459957,-0.5033865,-0.85482764,0.30189183,-0.413765,-0.63271827
55,67,792.4941618,0.013036574,-0.46135783,-0.48021957,-0.9392234,-0.23286204,-0.30360386,-0.83152384,-0.7093526,-0.92651075,-0.47136664,-0.49015683,-0.9407263,-0.24493833,-0.31511974,-0.835375,-0.71565384,-0.9283481,-0.023816194,-0.8466946,0.25554088,0.18381251,-0.6037479,-0.37006268,-0.8162318,-0.8394042,0.27759737,0.20672756,-0.5881405,-0.34918758,-0.80771494,0.9018996,0.887961,0.50264204,0.6952383,0.10227502,-0.07601282,-0.7400522,-0.56980926,-0.8820098,-0.7053468,-0.51730406,-0.86537135,0.30132052,-0.42347896,-0.64022845
56,66,920.0140905,0.0057755723,-0.46186194,-0.48309538,-0.93789953,-0.23479328,-0.30343622,-0.8292246,-0.7073582,-0.92432123,-0.46614656,-0.4877129,-0.9387598,-0.23986952,-0.30820772,-0.8310918,-0.7104022,-0.9253908,-0.027305873,-0.84549433,0.25395563,0.18491243,-0.6010265,-0.36654082,-0.8137713,-0.83722657,0.27925104,0.21096534,-0.5828665,-0.3429551,-0.804073,0.8977803,0.8847345,0.5047363,0.695197,0.10552431,-0.07363695,-0.7344277,-0.564918,-0.8762573,-0.70122457,-0.51445496,-0.8606073,0.30063713,-0.42336455,-0.6384964
57,65,848.6800814,0.0031082283,-0.46604267,-0.48625726,-0.93644243,-0.24162589,-0.31944215,-0.8310267,-0.7109902,-0.92438686,-0.46827912,-0.4884961,-0.93681276,-0.24425142,-0.32180083,-0.8319931,-0.7122911,-0.924827,-0.025132753,-0.8382308,0.25272602,0.17292784,-0.5987761,-0.3666943,-0.80840343,-0.8299154,0.2763473,0.19740744,-0.58176315,-0.34475496,-0.7995721,0.89588195,0.8792422,0.48686153,0.6813673,0.09546541,-0.084270164,-0.7356129,-0.56579596,-0.87655777,-0.69581246,-0.506743,-0.857094,0.2974133,-0.41191772,-0.62899375
